{
  "rmse": 952.6252870357788,
  "mape_pct": 10.051669180393219,
  "r2": 0.906243085861206
}